accession,organism,Findable,Accessible,Interoperable,Reusable,FAIR overall
OSD-1,Drosophila melanogaster,100.0,100.0,100.0,75.0,93.8
OSD-2,Homo sapiens,100.0,100.0,100.0,75.0,93.8
OSD-3,Drosophila melanogaster,100.0,100.0,100.0,75.0,93.8
OSD-4,Mus musculus,100.0,100.0,100.0,75.0,93.8
OSD-5,Homo sapiens,100.0,100.0,100.0,75.0,93.8
OSD-6,Rattus norvegicus,100.0,100.0,100.0,75.0,93.8
OSD-7,Arabidopsis thaliana,100.0,100.0,100.0,75.0,93.8
OSD-8,Arabidopsis thaliana,100.0,100.0,100.0,75.0,93.8
OSD-9,Homo sapiens,100.0,100.0,100.0,75.0,93.8
OSD-11,Salmonella enterica,100.0,100.0,100.0,75.0,93.8
OSD-12,Saccharomyces cerevisiae,100.0,100.0,100.0,75.0,93.8
OSD-13,Homo sapiens,100.0,100.0,100.0,75.0,93.8
OSD-14,Pseudomonas aeruginosa,100.0,100.0,100.0,75.0,93.8
OSD-15,Pseudomonas aeruginosa,100.0,100.0,100.0,75.0,93.8
OSD-16,Arabidopsis thaliana,100.0,100.0,100.0,75.0,93.8
OSD-17,Arabidopsis thaliana,100.0,100.0,100.0,75.0,93.8
OSD-18,Mus musculus,100.0,100.0,100.0,75.0,93.8
OSD-19,Rattus norvegicus,100.0,100.0,100.0,25.0,81.2
OSD-20,Candida albicans,100.0,100.0,100.0,75.0,93.8
OSD-21,Mus musculus,100.0,100.0,100.0,75.0,93.8
OSD-22,Arabidopsis thaliana,100.0,100.0,100.0,75.0,93.8
OSD-25,Mus musculus,100.0,100.0,100.0,75.0,93.8
OSD-26,Microbiota,100.0,100.0,100.0,75.0,93.8
OSD-27,Drosophila melanogaster,100.0,100.0,100.0,75.0,93.8
OSD-28,Bacillus subtilis,100.0,100.0,100.0,75.0,93.8
OSD-29,Mus musculus,100.0,100.0,100.0,75.0,93.8
OSD-30,Mus musculus,100.0,100.0,100.0,75.0,93.8
OSD-31,Rhodospirillum rubrum,100.0,100.0,100.0,75.0,93.8
OSD-32,Mus musculus,100.0,100.0,100.0,75.0,93.8
OSD-33,Mus musculus,100.0,100.0,100.0,75.0,93.8
OSD-34,Drosophila melanogaster,100.0,100.0,100.0,75.0,93.8
OSD-35,Caenorhabditis elegans,100.0,100.0,100.0,75.0,93.8
OSD-36,Drosophila melanogaster,100.0,100.0,100.0,75.0,93.8
OSD-37,Arabidopsis thaliana,100.0,100.0,100.0,75.0,93.8
OSD-38,Arabidopsis thaliana,100.0,100.0,100.0,75.0,93.8
OSD-39,Rhodospirillum rubrum,100.0,100.0,100.0,75.0,93.8
OSD-40,Caenorhabditis elegans,100.0,100.0,100.0,50.0,87.5
OSD-41,Caenorhabditis elegans,100.0,100.0,100.0,75.0,93.8
OSD-42,Caenorhabditis elegans,100.0,100.0,100.0,75.0,93.8
OSD-43,Escherichia coli,100.0,100.0,100.0,75.0,93.8
OSD-44,Arabidopsis thaliana,100.0,100.0,100.0,75.0,93.8
OSD-45,Arabidopsis thaliana,100.0,100.0,100.0,25.0,81.2
OSD-46,Arabidopsis thaliana,100.0,100.0,100.0,75.0,93.8
OSD-47,Mus musculus,100.0,100.0,100.0,75.0,93.8
OSD-48,Mus musculus,100.0,100.0,100.0,75.0,93.8
OSD-49,Mus musculus,100.0,100.0,75.0,75.0,87.5
OSD-50,,75.0,100.0,100.0,75.0,87.5
OSD-51,Homo sapiens,100.0,100.0,50.0,75.0,81.2
OSD-52,Homo sapiens,100.0,100.0,100.0,75.0,93.8
OSD-53,Homo sapiens,100.0,100.0,100.0,75.0,93.8
OSD-54,Homo sapiens,100.0,100.0,100.0,75.0,93.8
OSD-55,Homo sapiens,100.0,100.0,100.0,75.0,93.8
OSD-56,Homo sapiens,100.0,100.0,100.0,75.0,93.8
OSD-57,Ceratopteris richardii,100.0,100.0,100.0,75.0,93.8
OSD-58,Saccharomyces cerevisiae,100.0,100.0,100.0,75.0,93.8
OSD-59,Brassica rapa,100.0,100.0,100.0,75.0,93.8
OSD-60,Danio rerio,100.0,100.0,100.0,75.0,93.8
OSD-61,Mus musculus,100.0,100.0,100.0,75.0,93.8
OSD-62,Saccharomyces cerevisiae,100.0,100.0,100.0,75.0,93.8
OSD-63,Rattus norvegicus,100.0,100.0,100.0,75.0,93.8
OSD-64,", Bacillus",100.0,100.0,100.0,75.0,93.8
OSD-65,Microbiota,100.0,100.0,100.0,75.0,93.8
OSD-66,cellular organisms,100.0,100.0,100.0,75.0,93.8
OSD-67,"Klebsiella, Staphylococcus, Enterobacter, Staphylococcus aureus, Pantoea conspicua, Acinetobacter pittii",100.0,100.0,100.0,75.0,93.8
OSD-68,Aspergillus fumigatus,100.0,100.0,100.0,75.0,93.8
OSD-69,,75.0,100.0,100.0,75.0,87.5
OSD-70,Drosophila melanogaster,100.0,100.0,100.0,75.0,93.8
OSD-71,Homo sapiens,100.0,100.0,100.0,75.0,93.8
OSD-72,Microbiota,100.0,100.0,100.0,75.0,93.8
OSD-73,Homo sapiens,100.0,100.0,100.0,75.0,93.8
OSD-74,Mus musculus,100.0,100.0,100.0,75.0,93.8
OSD-75,Caenorhabditis elegans,100.0,100.0,100.0,75.0,93.8
OSD-76,Danio rerio,100.0,100.0,100.0,75.0,93.8
OSD-78,Homo sapiens,100.0,100.0,100.0,75.0,93.8
OSD-79,Mus musculus,100.0,100.0,100.0,75.0,93.8
OSD-80,Mus musculus,100.0,100.0,100.0,75.0,93.8
OSD-81,Bacillus subtilis,100.0,100.0,100.0,75.0,93.8
OSD-82,Microbiota,100.0,100.0,100.0,75.0,93.8
OSD-83,Oryzias latipes,100.0,100.0,100.0,75.0,93.8
OSD-84,Escherichia coli,100.0,100.0,100.0,75.0,93.8
OSD-85,Drosophila melanogaster,100.0,100.0,100.0,75.0,93.8
OSD-86,Homo sapiens,100.0,100.0,100.0,75.0,93.8
OSD-87,Mus musculus,100.0,100.0,100.0,75.0,93.8
OSD-88,Mus musculus,100.0,100.0,100.0,75.0,93.8
OSD-89,Mus musculus,100.0,100.0,100.0,75.0,93.8
OSD-90,Mycobacterium marinum,100.0,100.0,100.0,75.0,93.8
OSD-91,Homo sapiens,100.0,100.0,100.0,75.0,93.8
OSD-92,Homo sapiens,100.0,100.0,100.0,75.0,93.8
OSD-93,Mus musculus,100.0,100.0,100.0,75.0,93.8
OSD-94,Mus musculus,100.0,100.0,100.0,75.0,93.8
OSD-95,Escherichia coli,100.0,100.0,100.0,75.0,93.8
OSD-96,Drosophila melanogaster,100.0,100.0,100.0,75.0,93.8
OSD-97,Saccharomyces cerevisiae,100.0,100.0,100.0,75.0,93.8
OSD-98,Not Applicable,100.0,100.0,100.0,75.0,93.8
OSD-99,Mus musculus,100.0,100.0,100.0,75.0,93.8
OSD-100,Mus musculus,100.0,100.0,100.0,75.0,93.8
OSD-101,Mus musculus,100.0,100.0,100.0,75.0,93.8
OSD-102,Not Applicable,100.0,100.0,100.0,75.0,93.8
OSD-103,Not Applicable,100.0,100.0,100.0,75.0,93.8
OSD-104,Mus musculus,100.0,100.0,100.0,75.0,93.8
OSD-105,Not Applicable,100.0,100.0,100.0,75.0,93.8
OSD-106,Streptococcus mutans,100.0,100.0,100.0,75.0,93.8
OSD-107,Mus musculus,100.0,100.0,100.0,75.0,93.8
OSD-108,Mus musculus,100.0,100.0,100.0,75.0,93.8
OSD-109,Mus musculus,100.0,100.0,100.0,75.0,93.8
OSD-110,Daphnia magna,100.0,100.0,100.0,75.0,93.8
OSD-111,Mus musculus,100.0,100.0,100.0,75.0,93.8
OSD-112,Caenorhabditis elegans,100.0,100.0,100.0,75.0,93.8
OSD-113,Caenorhabditis elegans,100.0,100.0,100.0,50.0,87.5
OSD-114,Homo sapiens,100.0,100.0,100.0,75.0,93.8
OSD-115,Homo sapiens,100.0,100.0,100.0,75.0,93.8
OSD-116,Mus musculus,100.0,100.0,100.0,75.0,93.8
OSD-117,Mus musculus,100.0,100.0,100.0,75.0,93.8
OSD-118,Homo sapiens,100.0,100.0,100.0,75.0,93.8
OSD-119,Euprymna scolopes,100.0,100.0,100.0,75.0,93.8
OSD-120,Arabidopsis thaliana,100.0,100.0,75.0,75.0,87.5
OSD-121,Arabidopsis thaliana,100.0,100.0,100.0,75.0,93.8
OSD-122,Rattus norvegicus,100.0,100.0,100.0,75.0,93.8
OSD-123,Danio rerio,100.0,100.0,100.0,75.0,93.8
OSD-124,Homo sapiens,100.0,100.0,100.0,50.0,87.5
OSD-125,Homo sapiens,100.0,100.0,100.0,75.0,93.8
OSD-126,Microbiota,100.0,100.0,100.0,75.0,93.8
OSD-127,Homo sapiens,100.0,100.0,100.0,75.0,93.8
OSD-128,Homo sapiens,100.0,100.0,100.0,75.0,93.8
OSD-129,Homo sapiens,100.0,100.0,100.0,75.0,93.8
OSD-130,Homo sapiens,100.0,100.0,100.0,75.0,93.8
OSD-131,Mus musculus,100.0,100.0,100.0,75.0,93.8
OSD-132,Beauveria bassiana,100.0,100.0,100.0,75.0,93.8
OSD-133,Oryzias latipes,100.0,100.0,100.0,75.0,93.8
OSD-134,Arabidopsis thaliana,100.0,100.0,100.0,75.0,93.8
OSD-135,Mus musculus,100.0,100.0,100.0,75.0,93.8
OSD-136,Arabidopsis thaliana,100.0,100.0,100.0,75.0,93.8
OSD-137,Mus musculus,100.0,100.0,100.0,75.0,93.8
OSD-138,Not Applicable,100.0,100.0,100.0,75.0,93.8
OSD-139,Mus musculus,100.0,100.0,100.0,75.0,93.8
OSD-140,Homo sapiens,100.0,100.0,100.0,50.0,87.5
OSD-141,Mus musculus,100.0,100.0,100.0,75.0,93.8
OSD-144,Arabidopsis thaliana,100.0,100.0,100.0,75.0,93.8
OSD-145,Staphylococcus aureus,100.0,100.0,100.0,75.0,93.8
OSD-146,Microbiota,100.0,100.0,100.0,75.0,93.8
OSD-147,Arabidopsis thaliana,100.0,100.0,100.0,75.0,93.8
OSD-148,Mus musculus,100.0,100.0,100.0,75.0,93.8
OSD-149,Homo sapiens,100.0,100.0,100.0,75.0,93.8
OSD-151,Homo sapiens,100.0,100.0,100.0,25.0,81.2
OSD-152,Homo sapiens,100.0,100.0,100.0,75.0,93.8
OSD-153,Mus musculus,100.0,100.0,100.0,50.0,87.5
OSD-154,Homo sapiens,100.0,100.0,100.0,75.0,93.8
OSD-155,Homo sapiens,100.0,100.0,100.0,75.0,93.8
OSD-156,Mus musculus,100.0,100.0,100.0,75.0,93.8
OSD-157,Homo sapiens,100.0,100.0,100.0,75.0,93.8
OSD-158,Mus musculus,100.0,100.0,100.0,75.0,93.8
OSD-159,Mus musculus,100.0,100.0,100.0,75.0,93.8
OSD-160,Mus musculus,100.0,100.0,100.0,75.0,93.8
OSD-161,Mus musculus,100.0,100.0,100.0,75.0,93.8
OSD-162,Mus musculus,100.0,100.0,100.0,75.0,93.8
OSD-163,Mus musculus,100.0,100.0,100.0,75.0,93.8
OSD-164,Mus musculus,100.0,100.0,100.0,75.0,93.8
OSD-165,Caenorhabditis elegans,100.0,100.0,100.0,75.0,93.8
OSD-166,Caenorhabditis elegans,100.0,100.0,100.0,50.0,87.5
OSD-167,Caenorhabditis elegans,100.0,100.0,100.0,75.0,93.8
OSD-168,Mus musculus,100.0,100.0,75.0,75.0,87.5
OSD-170,cellular organisms,100.0,100.0,100.0,75.0,93.8
OSD-172,Homo sapiens,100.0,100.0,100.0,75.0,93.8
OSD-173,Mus musculus,100.0,100.0,100.0,50.0,87.5
OSD-174,Homo sapiens,100.0,100.0,100.0,75.0,93.8
OSD-175,Homo sapiens,100.0,100.0,100.0,75.0,93.8
OSD-176,Homo sapiens,100.0,100.0,100.0,75.0,93.8
OSD-177,Fusarium oxysporum,100.0,100.0,100.0,75.0,93.8
OSD-178,Homo sapiens,100.0,100.0,100.0,75.0,93.8
OSD-182,Homo sapiens,100.0,100.0,100.0,75.0,93.8
OSD-183,Homo sapiens,100.0,100.0,100.0,75.0,93.8
OSD-185,Bacillus subtilis,100.0,100.0,100.0,75.0,93.8
OSD-188,Homo sapiens,100.0,100.0,100.0,75.0,93.8
OSD-189,Homo sapiens,100.0,100.0,100.0,75.0,93.8
OSD-190,,75.0,100.0,100.0,25.0,75.0
OSD-191,Microbiota,100.0,100.0,100.0,75.0,93.8
OSD-192,Helix lucorum,100.0,100.0,100.0,75.0,93.8
OSD-193,Arabidopsis thaliana,100.0,100.0,100.0,75.0,93.8
OSD-194,Mus musculus,100.0,100.0,100.0,50.0,87.5
OSD-195,Homo sapiens,100.0,100.0,100.0,75.0,93.8
OSD-198,Homo sapiens,100.0,100.0,100.0,75.0,93.8
OSD-199,Lactobacillus acidophilus,100.0,100.0,100.0,75.0,93.8
OSD-200,Bacillus atrophaeus,100.0,100.0,75.0,75.0,87.5
OSD-201,Mus musculus,100.0,100.0,100.0,75.0,93.8
OSD-202,Mus musculus,100.0,100.0,100.0,75.0,93.8
OSD-203,Mus musculus,100.0,100.0,100.0,50.0,87.5
OSD-205,Arabidopsis thaliana,100.0,100.0,100.0,75.0,93.8
OSD-207,Drosophila melanogaster,100.0,100.0,100.0,50.0,87.5
OSD-208,Arabidopsis thaliana,100.0,100.0,100.0,75.0,93.8
OSD-209,Mus musculus,100.0,100.0,100.0,75.0,93.8
OSD-210,Arabidopsis thaliana,100.0,100.0,100.0,75.0,93.8
OSD-211,Mus musculus,100.0,100.0,100.0,50.0,87.5
OSD-212,Microbiota,100.0,100.0,75.0,75.0,87.5
OSD-213,Arabidopsis thaliana,100.0,100.0,100.0,75.0,93.8
OSD-214,Mus musculus,100.0,100.0,100.0,75.0,93.8
OSD-215,Bacillus subtilis,100.0,100.0,75.0,75.0,87.5
OSD-216,Bacillus subtilis,100.0,100.0,75.0,75.0,87.5
OSD-217,Arabidopsis thaliana,100.0,100.0,100.0,75.0,93.8
OSD-218,Arabidopsis thaliana,100.0,100.0,100.0,50.0,87.5
OSD-219,,0.0,66.7,0.0,0.0,16.7
OSD-220,Arabidopsis thaliana,100.0,100.0,100.0,75.0,93.8
OSD-222,Mus musculus,100.0,100.0,100.0,50.0,87.5
OSD-223,Arabidopsis thaliana,100.0,100.0,100.0,75.0,93.8
OSD-224,Microbiota,100.0,100.0,100.0,75.0,93.8
OSD-225,Rattus norvegicus,100.0,100.0,100.0,75.0,93.8
OSD-227,Mus musculus,100.0,100.0,100.0,75.0,93.8
OSD-228,Mus musculus,100.0,100.0,100.0,75.0,93.8
OSD-232,Mus musculus,100.0,100.0,75.0,75.0,87.5
OSD-233,Aspergillus nidulans,100.0,100.0,100.0,75.0,93.8
OSD-235,Mus musculus,100.0,100.0,75.0,50.0,81.2
OSD-236,Mus musculus,100.0,100.0,75.0,50.0,81.2
OSD-237,Mus musculus,100.0,100.0,100.0,50.0,87.5
OSD-238,Mus musculus,100.0,100.0,100.0,50.0,87.5
OSD-239,Mus musculus,100.0,100.0,100.0,50.0,87.5
OSD-240,Mus musculus,100.0,100.0,100.0,50.0,87.5
OSD-241,Mus musculus,100.0,100.0,100.0,50.0,87.5
OSD-242,Mus musculus,100.0,100.0,100.0,50.0,87.5
OSD-243,Mus musculus,100.0,100.0,100.0,75.0,93.8
OSD-244,Mus musculus,100.0,100.0,100.0,75.0,93.8
OSD-245,Mus musculus,100.0,100.0,100.0,75.0,93.8
OSD-246,Mus musculus,100.0,100.0,100.0,75.0,93.8
OSD-247,Mus musculus,100.0,100.0,100.0,75.0,93.8
OSD-248,Mus musculus,100.0,100.0,100.0,75.0,93.8
OSD-249,Microbiota,100.0,100.0,100.0,50.0,87.5
OSD-250,Microbiota,100.0,100.0,100.0,50.0,87.5
OSD-251,Arabidopsis thaliana,100.0,100.0,100.0,75.0,93.8
OSD-252,Microbiota,100.0,100.0,75.0,75.0,87.5
OSD-253,Mus musculus,100.0,100.0,100.0,50.0,87.5
OSD-254,Mus musculus,100.0,100.0,100.0,50.0,87.5
OSD-255,Mus musculus,100.0,100.0,100.0,75.0,93.8
OSD-256,Microbiota,100.0,100.0,100.0,75.0,93.8
OSD-258,Homo sapiens,100.0,100.0,100.0,75.0,93.8
OSD-259,Bacillus pumilus,100.0,100.0,100.0,75.0,93.8
OSD-260,Aspergillus niger,100.0,100.0,100.0,50.0,87.5
OSD-261,Aspergillus fumigatus,100.0,100.0,100.0,75.0,93.8
OSD-262,Solibacillus kalamii,100.0,100.0,100.0,75.0,93.8
OSD-263,Bacillus horneckiae,100.0,100.0,100.0,50.0,87.5
OSD-264,Fusarium oxysporum,100.0,100.0,100.0,75.0,93.8
OSD-265,Chlamydomonas reinhardtii,100.0,100.0,75.0,75.0,87.5
OSD-266,Mus musculus,100.0,100.0,100.0,75.0,93.8
OSD-267,Microbiota,100.0,100.0,100.0,75.0,93.8
OSD-268,Microbiota,100.0,100.0,100.0,75.0,93.8
OSD-269,Microbiota,100.0,100.0,100.0,75.0,93.8
OSD-270,Mus musculus,100.0,100.0,100.0,50.0,87.5
OSD-271,Rattus norvegicus,100.0,100.0,100.0,75.0,93.8
OSD-272,Mus musculus,100.0,100.0,75.0,50.0,81.2
OSD-273,Mus musculus,100.0,100.0,75.0,25.0,75.0
OSD-274,Mus musculus,100.0,100.0,75.0,25.0,75.0
OSD-275,Rattus norvegicus,100.0,100.0,100.0,75.0,93.8
OSD-276,cellular organisms,100.0,100.0,100.0,75.0,93.8
OSD-277,Not Applicable,100.0,100.0,100.0,75.0,93.8
OSD-278,Drosophila melanogaster,100.0,100.0,100.0,75.0,93.8
OSD-279,cellular organisms,100.0,100.0,100.0,75.0,93.8
OSD-280,cellular organisms,100.0,100.0,100.0,75.0,93.8
OSD-281,Arabidopsis thaliana,100.0,100.0,100.0,75.0,93.8
OSD-282,Arabidopsis thaliana,100.0,100.0,100.0,75.0,93.8
OSD-283,Homo sapiens,100.0,100.0,100.0,75.0,93.8
OSD-284,Oryza sativa,100.0,100.0,75.0,75.0,87.5
OSD-285,Homo sapiens,100.0,100.0,100.0,75.0,93.8
OSD-286,Microbiota,100.0,100.0,100.0,75.0,93.8
OSD-287,Mus musculus,100.0,100.0,100.0,75.0,93.8
OSD-288,Mus musculus,100.0,100.0,100.0,75.0,93.8
OSD-289,Mus musculus,100.0,100.0,100.0,75.0,93.8
OSD-290,Naganishia sp.,100.0,100.0,100.0,75.0,93.8
OSD-291,Rubinsicoccus jepli,100.0,100.0,100.0,75.0,93.8
OSD-293,Rhodotorula mucilaginosa,100.0,100.0,100.0,25.0,81.2
OSD-294,Mus musculus,100.0,100.0,100.0,75.0,93.8
OSD-295,Mus musculus,100.0,100.0,100.0,75.0,93.8
OSD-296,Arabidopsis thaliana,100.0,100.0,100.0,75.0,93.8
OSD-297,Homo sapiens,100.0,100.0,100.0,75.0,93.8
OSD-298,Sphingomonas sanguinis,100.0,100.0,100.0,75.0,93.8
OSD-299,Sphingomonas sanguinis,100.0,100.0,100.0,50.0,87.5
OSD-300,Methylobacterium sp.,100.0,100.0,100.0,75.0,93.8
OSD-301,Eruca vesicaria,100.0,100.0,100.0,75.0,93.8
OSD-302,Enterobacter bugandensis,100.0,100.0,100.0,25.0,81.2
OSD-303,Bacillus cereus thuringiensis,100.0,100.0,100.0,75.0,93.8
OSD-304,Mus musculus,100.0,100.0,100.0,75.0,93.8
OSD-305,Serratia liquefaciens,100.0,100.0,100.0,75.0,93.8
OSD-306,Agrobacterium genomosp. 3,100.0,100.0,100.0,75.0,93.8
OSD-307,Microbiota,100.0,100.0,75.0,75.0,87.5
OSD-308,Mus musculus,100.0,100.0,100.0,75.0,93.8
OSD-309,Klebsiella quasipneumoniae,100.0,100.0,100.0,25.0,81.2
OSD-310,Rattus norvegicus,100.0,100.0,100.0,75.0,93.8
OSD-311,Enterobacter bugandensis,100.0,100.0,100.0,25.0,81.2
OSD-313,Arabidopsis thaliana,100.0,100.0,100.0,75.0,93.8
OSD-314,Arabidopsis thaliana,100.0,100.0,100.0,75.0,93.8
OSD-315,Homo sapiens,100.0,100.0,100.0,75.0,93.8
OSD-316,Homo sapiens,100.0,100.0,100.0,50.0,87.5
OSD-317,Homo sapiens,100.0,100.0,100.0,75.0,93.8
OSD-318,Mus musculus,100.0,100.0,100.0,75.0,93.8
OSD-319,Urocitellus parryii,100.0,100.0,100.0,75.0,93.8
OSD-320,Arabidopsis thaliana,100.0,100.0,100.0,75.0,93.8
OSD-321,Arabidopsis thaliana,100.0,100.0,100.0,75.0,93.8
OSD-322,Mus musculus,100.0,100.0,100.0,75.0,93.8
OSD-323,Homo sapiens,100.0,100.0,100.0,75.0,93.8
OSD-324,Mus musculus,100.0,100.0,75.0,75.0,87.5
OSD-326,Mus musculus,100.0,100.0,100.0,75.0,93.8
OSD-329,Arabidopsis thaliana,100.0,100.0,100.0,50.0,87.5
OSD-331,Homo sapiens,100.0,100.0,100.0,75.0,93.8
OSD-334,Mus musculus,100.0,100.0,75.0,75.0,87.5
OSD-335,Mus musculus,100.0,100.0,75.0,75.0,87.5
OSD-336,Mus musculus,100.0,100.0,75.0,75.0,87.5
OSD-337,Mus musculus,100.0,100.0,75.0,75.0,87.5
OSD-340,Mus musculus,100.0,100.0,100.0,75.0,93.8
OSD-342,Mus musculus,100.0,100.0,100.0,75.0,93.8
OSD-343,Mus musculus,100.0,100.0,100.0,75.0,93.8
OSD-344,Homo sapiens,100.0,100.0,100.0,75.0,93.8
OSD-345,Mus musculus,100.0,100.0,100.0,50.0,87.5
OSD-346,Arabidopsis thaliana,100.0,100.0,100.0,75.0,93.8
OSD-347,Drosophila melanogaster,100.0,100.0,100.0,75.0,93.8
OSD-350,Aspergillus niger,100.0,100.0,100.0,75.0,93.8
OSD-351,Rattus norvegicus,100.0,100.0,100.0,75.0,93.8
OSD-352,Mus musculus,100.0,100.0,100.0,75.0,93.8
OSD-353,Homo sapiens,100.0,100.0,100.0,50.0,87.5
OSD-354,Homo sapiens,100.0,100.0,100.0,75.0,93.8
OSD-355,Homo sapiens,100.0,100.0,100.0,75.0,93.8
OSD-356,Vibrio fischeri,100.0,100.0,100.0,75.0,93.8
OSD-358,Burkholderia contaminans,100.0,100.0,100.0,75.0,93.8
OSD-359,Homo sapiens,100.0,100.0,100.0,50.0,87.5
OSD-360,Mus musculus,100.0,100.0,75.0,75.0,87.5
OSD-361,Micrococcus luteus,100.0,100.0,100.0,50.0,87.5
OSD-362,Aspergillus fumigatus,100.0,100.0,100.0,75.0,93.8
OSD-363,Homo sapiens,100.0,100.0,100.0,75.0,93.8
OSD-364,Homo sapiens,100.0,100.0,100.0,75.0,93.8
OSD-366,Mus musculus,100.0,100.0,75.0,75.0,87.5
OSD-367,Homo sapiens,100.0,100.0,100.0,25.0,81.2
OSD-368,Homo sapiens,100.0,100.0,100.0,25.0,81.2
OSD-369,Homo sapiens,100.0,100.0,100.0,25.0,81.2
OSD-370,Homo sapiens,100.0,100.0,100.0,50.0,87.5
OSD-372,Staphylococcus auricularis,100.0,100.0,100.0,75.0,93.8
OSD-373,Danio rerio,100.0,100.0,100.0,75.0,93.8
OSD-374,Mus musculus,100.0,100.0,100.0,75.0,93.8
OSD-375,Brachypodium distachyon,100.0,100.0,100.0,50.0,87.5
OSD-379,Mus musculus,100.0,100.0,100.0,50.0,87.5
OSD-383,Bacillus pumilus,100.0,100.0,75.0,75.0,87.5
OSD-385,Microbiota,100.0,100.0,75.0,75.0,87.5
OSD-386,Microbiota,100.0,100.0,75.0,75.0,87.5
OSD-391,Bacillus licheniformis,100.0,100.0,100.0,75.0,93.8
OSD-396,Mus musculus,100.0,100.0,100.0,75.0,93.8
OSD-397,Mus musculus,100.0,100.0,100.0,75.0,93.8
OSD-400,Aspergillus unguis,100.0,100.0,100.0,50.0,87.5
OSD-401,Mus musculus,100.0,100.0,100.0,75.0,93.8
OSD-402,Mus musculus,100.0,100.0,100.0,50.0,87.5
OSD-403,Mus musculus,100.0,100.0,100.0,50.0,87.5
OSD-404,Mus musculus,100.0,100.0,100.0,50.0,87.5
OSD-405,Mus musculus,100.0,100.0,100.0,50.0,87.5
OSD-406,Arabidopsis thaliana,100.0,100.0,100.0,75.0,93.8
OSD-410,Homo sapiens,100.0,100.0,100.0,75.0,93.8
OSD-411,Arabidopsis thaliana,100.0,100.0,100.0,50.0,87.5
OSD-412,Microbiota,100.0,100.0,75.0,75.0,87.5
OSD-413,Microbiota,100.0,100.0,75.0,75.0,87.5
OSD-414,Microbiota,100.0,100.0,75.0,75.0,87.5
OSD-415,Rattus norvegicus,100.0,100.0,100.0,75.0,93.8
OSD-416,Arabidopsis thaliana,100.0,100.0,100.0,75.0,93.8
OSD-417,Mus musculus,100.0,100.0,100.0,75.0,93.8
OSD-418,Rattus norvegicus,100.0,100.0,100.0,50.0,87.5
OSD-419,Mus musculus,100.0,100.0,100.0,50.0,87.5
OSD-420,Mus musculus,100.0,100.0,100.0,50.0,87.5
OSD-421,Mus musculus,100.0,100.0,100.0,50.0,87.5
OSD-422,Rattus norvegicus,100.0,100.0,100.0,50.0,87.5
OSD-423,Rattus norvegicus,100.0,100.0,75.0,50.0,81.2
OSD-425,Caenorhabditis elegans,100.0,100.0,100.0,75.0,93.8
OSD-426,Mus musculus,100.0,100.0,100.0,75.0,93.8
OSD-427,Arabidopsis thaliana,100.0,100.0,100.0,75.0,93.8
OSD-428,Arabidopsis thaliana,100.0,100.0,100.0,75.0,93.8
OSD-430,Rattus norvegicus,100.0,100.0,100.0,75.0,93.8
OSD-431,Homo sapiens,100.0,100.0,100.0,75.0,93.8
OSD-432,Mus musculus,100.0,100.0,100.0,75.0,93.8
OSD-434,Arabidopsis thaliana,100.0,100.0,100.0,75.0,93.8
OSD-435,Mus musculus,100.0,100.0,100.0,75.0,93.8
OSD-436,Arabidopsis thaliana,100.0,100.0,100.0,75.0,93.8
OSD-437,Arabidopsis thaliana,100.0,100.0,100.0,75.0,93.8
OSD-450,Arabidopsis thaliana,100.0,100.0,100.0,75.0,93.8
OSD-452,Escherichia coli,100.0,100.0,100.0,75.0,93.8
OSD-455,Mus musculus,100.0,100.0,100.0,75.0,93.8
OSD-457,Mus musculus,100.0,100.0,100.0,75.0,93.8
OSD-462,Mus musculus,100.0,100.0,100.0,50.0,87.5
OSD-463,Mus musculus,100.0,100.0,100.0,50.0,87.5
OSD-464,Mus musculus,100.0,100.0,100.0,50.0,87.5
OSD-465,Microbiota,100.0,100.0,100.0,50.0,87.5
OSD-466,Microbiota,100.0,100.0,100.0,50.0,87.5
OSD-467,Mus musculus,100.0,100.0,100.0,75.0,93.8
OSD-469,Arabidopsis thaliana,100.0,100.0,100.0,75.0,93.8
OSD-470,Klebsiella quasipneumoniae subsp. similipneumoniae,100.0,100.0,100.0,75.0,93.8
OSD-471,Mus musculus,100.0,100.0,100.0,75.0,93.8
OSD-476,Arabidopsis thaliana,100.0,100.0,100.0,75.0,93.8
OSD-477,Rattus norvegicus,100.0,100.0,100.0,75.0,93.8
OSD-478,Mus musculus,100.0,100.0,100.0,75.0,93.8
OSD-479,Mus musculus,100.0,100.0,100.0,75.0,93.8
OSD-480,Arabidopsis thaliana,100.0,100.0,100.0,75.0,93.8
OSD-481,Homo sapiens,100.0,100.0,100.0,75.0,93.8
OSD-483,Homo sapiens,100.0,100.0,100.0,50.0,87.5
OSD-484,Homo sapiens,100.0,100.0,100.0,75.0,93.8
OSD-485,Euglena gracilis,100.0,100.0,100.0,75.0,93.8
OSD-486,Mus musculus,100.0,100.0,100.0,75.0,93.8
OSD-487,Microbiota,100.0,100.0,100.0,75.0,93.8
OSD-488,Mus musculus,100.0,100.0,100.0,75.0,93.8
OSD-489,Mus musculus,100.0,100.0,100.0,50.0,87.5
OSD-490,Rattus norvegicus,100.0,100.0,75.0,75.0,87.5
OSD-492,Rattus norvegicus,100.0,100.0,75.0,75.0,87.5
OSD-496,Arabidopsis thaliana,100.0,100.0,100.0,75.0,93.8
OSD-497,Septoriella neoarundinis,100.0,100.0,100.0,50.0,87.5
OSD-498,Arabidopsis thaliana,100.0,100.0,100.0,75.0,93.8
OSD-500,Staphylococcus aureus,100.0,100.0,100.0,75.0,93.8
OSD-502,Arabidopsis thaliana,100.0,100.0,100.0,75.0,93.8
OSD-505,Rattus norvegicus,100.0,100.0,75.0,75.0,87.5
OSD-506,Mus musculus,100.0,100.0,100.0,50.0,87.5
OSD-508,Arabidopsis thaliana,100.0,100.0,100.0,75.0,93.8
OSD-509,Saccharomyces cerevisiae,100.0,100.0,100.0,75.0,93.8
OSD-510,Arabidopsis thaliana,100.0,100.0,100.0,75.0,93.8
OSD-511,Mus musculus,100.0,100.0,100.0,50.0,87.5
OSD-512,Mus musculus,100.0,100.0,100.0,50.0,87.5
OSD-513,Mus musculus,100.0,100.0,100.0,50.0,87.5
OSD-514,Drosophila melanogaster,100.0,100.0,100.0,75.0,93.8
OSD-515,Mus musculus,100.0,100.0,100.0,50.0,87.5
OSD-518,Arabidopsis thaliana,100.0,100.0,100.0,75.0,93.8
OSD-519,Arabidopsis thaliana,100.0,100.0,100.0,75.0,93.8
OSD-520,Arabidopsis thaliana,100.0,100.0,100.0,75.0,93.8
OSD-522,Arabidopsis thaliana,100.0,100.0,75.0,75.0,87.5
OSD-524,Danio rerio,100.0,100.0,100.0,75.0,93.8
OSD-525,Mus musculus,100.0,100.0,100.0,50.0,87.5
OSD-528,Mycobacterium marinum,100.0,100.0,75.0,75.0,87.5
OSD-530,Homo sapiens,100.0,100.0,75.0,75.0,87.5
OSD-531,Arabidopsis thaliana,100.0,100.0,100.0,75.0,93.8
OSD-532,Mus musculus,100.0,100.0,100.0,75.0,93.8
OSD-536,Mus musculus,100.0,100.0,100.0,75.0,93.8
OSD-539,Homo sapiens,100.0,100.0,100.0,75.0,93.8
OSD-540,Homo sapiens,100.0,100.0,100.0,75.0,93.8
OSD-542,Homo sapiens,100.0,100.0,100.0,50.0,87.5
OSD-545,Homo sapiens,100.0,100.0,100.0,75.0,93.8
OSD-546,Homo sapiens,100.0,100.0,100.0,75.0,93.8
OSD-547,Mus musculus,100.0,100.0,100.0,75.0,93.8
OSD-548,Mus musculus,100.0,100.0,100.0,50.0,87.5
OSD-554,Pseudomonas aeruginosa,100.0,100.0,75.0,75.0,87.5
OSD-557,Mus musculus,100.0,100.0,100.0,75.0,93.8
OSD-561,Mus musculus,100.0,100.0,100.0,50.0,87.5
OSD-562,Mus musculus,100.0,100.0,100.0,50.0,87.5
OSD-563,Mus musculus,100.0,100.0,100.0,50.0,87.5
OSD-564,Mus musculus,100.0,100.0,100.0,50.0,87.5
OSD-565,Arabidopsis thaliana,100.0,100.0,100.0,75.0,93.8
OSD-566,Mus musculus,100.0,100.0,75.0,75.0,87.5
OSD-568,Mus musculus,100.0,100.0,100.0,75.0,93.8
OSD-569,Homo sapiens,100.0,100.0,75.0,75.0,87.5
OSD-570,Homo sapiens,100.0,100.0,75.0,75.0,87.5
OSD-571,Homo sapiens,100.0,100.0,75.0,75.0,87.5
OSD-572,Microbiota,100.0,100.0,75.0,75.0,87.5
OSD-573,Microbiota,100.0,100.0,75.0,75.0,87.5
OSD-574,Homo sapiens,100.0,100.0,75.0,75.0,87.5
OSD-575,Homo sapiens,100.0,100.0,75.0,75.0,87.5
OSD-576,Mus musculus,100.0,100.0,100.0,50.0,87.5
OSD-577,Homo sapiens,100.0,100.0,75.0,75.0,87.5
OSD-580,Mus musculus,100.0,100.0,100.0,50.0,87.5
OSD-581,Lolium multiflorum,100.0,100.0,100.0,75.0,93.8
OSD-582,Staphylococcus saprophyticus,100.0,100.0,100.0,75.0,93.8
OSD-583,Mus musculus,100.0,100.0,100.0,75.0,93.8
OSD-588,Drosophila melanogaster,100.0,100.0,100.0,75.0,93.8
OSD-590,Drosophila melanogaster,100.0,100.0,100.0,75.0,93.8
OSD-591,Mus musculus,100.0,100.0,100.0,75.0,93.8
OSD-592,Drosophila melanogaster,100.0,100.0,75.0,75.0,87.5
OSD-594,Microbiota,100.0,100.0,75.0,75.0,87.5
OSD-595,Drosophila melanogaster,100.0,100.0,75.0,75.0,87.5
OSD-596,Drosophila melanogaster,100.0,100.0,75.0,75.0,87.5
OSD-599,Mus musculus,100.0,100.0,100.0,75.0,93.8
OSD-608,Rattus norvegicus,100.0,100.0,100.0,75.0,93.8
OSD-609,Leptopilina heterotoma,100.0,100.0,100.0,75.0,93.8
OSD-610,Leptopilina boulardi,100.0,100.0,100.0,75.0,93.8
OSD-611,Mus musculus,100.0,100.0,75.0,75.0,87.5
OSD-612,Mus musculus,100.0,100.0,100.0,50.0,87.5
OSD-613,Mus musculus,100.0,100.0,100.0,50.0,87.5
OSD-615,Arabidopsis thaliana,100.0,100.0,75.0,75.0,87.5
OSD-616,Rattus norvegicus,100.0,100.0,100.0,75.0,93.8
OSD-617,Rattus norvegicus,100.0,100.0,100.0,75.0,93.8
OSD-618,Mus musculus,100.0,100.0,75.0,75.0,87.5
OSD-622,Triticum aestivum,100.0,100.0,100.0,75.0,93.8
OSD-624,Arabidopsis thaliana,100.0,100.0,100.0,75.0,93.8
OSD-625,Arabidopsis thaliana,100.0,100.0,100.0,75.0,93.8
OSD-627,Pseudomonas aeruginosa,100.0,100.0,75.0,75.0,87.5
OSD-628,Penicillium rubens,100.0,100.0,75.0,75.0,87.5
OSD-630,Microbiota,100.0,100.0,75.0,75.0,87.5
OSD-635,Homo sapiens,100.0,100.0,75.0,75.0,87.5
OSD-640,Mus musculus,100.0,100.0,75.0,75.0,87.5
OSD-652,Rattus norvegicus,100.0,100.0,100.0,75.0,93.8
OSD-653,Rattus norvegicus,100.0,100.0,100.0,75.0,93.8
OSD-654,Mus musculus,100.0,100.0,75.0,75.0,87.5
OSD-655,Brassica rapa,100.0,100.0,100.0,75.0,93.8
OSD-656,Homo sapiens,100.0,100.0,75.0,75.0,87.5
OSD-658,Arabidopsis thaliana,100.0,100.0,75.0,50.0,81.2
OSD-660,Mus musculus,100.0,100.0,75.0,75.0,87.5
OSD-661,Mus musculus,100.0,100.0,75.0,75.0,87.5
OSD-662,Mus musculus,100.0,100.0,100.0,75.0,93.8
OSD-663,Mus musculus,100.0,100.0,75.0,75.0,87.5
OSD-664,Mus musculus,100.0,100.0,100.0,75.0,93.8
OSD-665,Mus musculus,100.0,100.0,100.0,50.0,87.5
OSD-666,Mus musculus,100.0,100.0,100.0,50.0,87.5
OSD-667,Mus musculus,100.0,100.0,100.0,50.0,87.5
OSD-670,Raphanus sativus,100.0,100.0,75.0,75.0,87.5
OSD-678,Arabidopsis thaliana,100.0,100.0,100.0,75.0,93.8
OSD-679,Rattus norvegicus,100.0,100.0,100.0,50.0,87.5
OSD-680,Rattus norvegicus,100.0,100.0,100.0,50.0,87.5
OSD-681,Rattus norvegicus,100.0,100.0,100.0,50.0,87.5
OSD-682,Mus musculus,100.0,100.0,100.0,75.0,93.8
OSD-683,Staphylococcus aureus,100.0,100.0,100.0,75.0,93.8
OSD-684,Homo sapiens,100.0,100.0,100.0,75.0,93.8
OSD-685,Mus musculus,100.0,100.0,100.0,75.0,93.8
OSD-686,Mus musculus,100.0,100.0,100.0,75.0,93.8
OSD-687,Homo sapiens,100.0,100.0,75.0,75.0,87.5
OSD-689,Homo sapiens,100.0,100.0,100.0,75.0,93.8
OSD-690,Mus musculus,100.0,100.0,100.0,75.0,93.8
OSD-691,Mus musculus,100.0,100.0,75.0,75.0,87.5
OSD-694,Microbiota,100.0,100.0,75.0,75.0,87.5
OSD-698,Mus musculus,100.0,100.0,100.0,75.0,93.8
OSD-699,Mus musculus,100.0,100.0,100.0,75.0,93.8
OSD-701,Microbiota,100.0,100.0,75.0,75.0,87.5
OSD-702,Mus musculus,100.0,100.0,75.0,50.0,81.2
OSD-714,Mus musculus,100.0,100.0,100.0,75.0,93.8
OSD-715,Mus musculus,100.0,100.0,75.0,75.0,87.5
OSD-718,Mus musculus,100.0,100.0,75.0,50.0,81.2
OSD-719,Mus musculus,100.0,100.0,75.0,75.0,87.5
OSD-720,Mus musculus,100.0,100.0,100.0,75.0,93.8
OSD-722,Euprymna scolopes,100.0,100.0,100.0,75.0,93.8
OSD-723,Microbiota,100.0,100.0,75.0,75.0,87.5
OSD-728,Escherichia coli,100.0,100.0,75.0,75.0,87.5
OSD-734,Not Applicable,100.0,100.0,100.0,50.0,87.5
OSD-738,Mus musculus,100.0,100.0,100.0,75.0,93.8
OSD-742,Microbiota,100.0,100.0,75.0,50.0,81.2
OSD-745,Lactuca sativa,100.0,100.0,75.0,75.0,87.5
OSD-751,Mus musculus,100.0,100.0,100.0,75.0,93.8
OSD-752,Mus musculus,100.0,100.0,100.0,75.0,93.8
OSD-758,Mus musculus,100.0,100.0,75.0,50.0,81.2
OSD-759,Mus musculus,100.0,100.0,75.0,50.0,81.2
OSD-766,Microbiota,100.0,100.0,75.0,75.0,87.5
OSD-767,Solanum lycopersicum,100.0,100.0,75.0,75.0,87.5
OSD-770,Mus musculus,100.0,100.0,75.0,50.0,81.2
OSD-771,Mus musculus,100.0,100.0,100.0,50.0,87.5
OSD-772,Microbiota,100.0,100.0,75.0,50.0,81.2
OSD-773,Microbiota,100.0,100.0,75.0,50.0,81.2
OSD-776,Mus musculus,100.0,100.0,100.0,75.0,93.8
OSD-777,Mus musculus,100.0,100.0,100.0,75.0,93.8
OSD-778,Mus musculus,100.0,100.0,100.0,75.0,93.8
OSD-780,Microbiota,100.0,100.0,100.0,75.0,93.8
OSD-781,Homo sapiens,100.0,100.0,100.0,75.0,93.8
OSD-782,Arabidopsis thaliana,100.0,100.0,100.0,75.0,93.8
OSD-783,Homo sapiens,100.0,100.0,100.0,75.0,93.8
OSD-784,Homo sapiens,100.0,100.0,100.0,75.0,93.8
OSD-787,Homo sapiens,100.0,100.0,100.0,75.0,93.8
OSD-788,Enterobacter cloacae,100.0,100.0,75.0,75.0,87.5
OSD-792,Mus musculus,100.0,100.0,100.0,75.0,93.8
OSD-793,Mus musculus,100.0,100.0,100.0,75.0,93.8
OSD-794,Microbiota,100.0,100.0,100.0,75.0,93.8
OSD-804,Mus musculus,100.0,100.0,75.0,50.0,81.2
OSD-809,Microbiota,100.0,100.0,75.0,75.0,87.5
OSD-810,Paraburkholderia phymatum,100.0,100.0,100.0,75.0,93.8
OSD-811,Homo sapiens,100.0,100.0,100.0,75.0,93.8
OSD-812,Homo sapiens,100.0,100.0,100.0,75.0,93.8
OSD-813,Mus musculus,100.0,100.0,100.0,75.0,93.8
OSD-824,Adineta vaga,100.0,100.0,75.0,75.0,87.5
OSD-825,Mus musculus,100.0,100.0,100.0,75.0,93.8
OSD-832,Homo sapiens,100.0,100.0,75.0,75.0,87.5
OSD-833,Homo sapiens,100.0,100.0,75.0,75.0,87.5
OSD-834,Homo sapiens,100.0,100.0,75.0,75.0,87.5
OSD-835,Rattus norvegicus,100.0,100.0,75.0,75.0,87.5
OSD-836,Rattus norvegicus,100.0,100.0,75.0,75.0,87.5
OSD-837,Rattus norvegicus,100.0,100.0,75.0,75.0,87.5
OSD-840,Mus musculus,100.0,100.0,100.0,25.0,81.2
OSD-855,Lactuca sativa,100.0,100.0,100.0,50.0,87.5
OSD-856,Lactuca sativa,100.0,100.0,100.0,75.0,93.8
OSD-863,Homo sapiens,100.0,100.0,100.0,75.0,93.8
OSD-867,Homo sapiens,100.0,100.0,100.0,75.0,93.8
OSD-871,Homo sapiens,100.0,100.0,100.0,75.0,93.8
OSD-876,Mus musculus,100.0,100.0,100.0,75.0,93.8
OSD-877,Raphanus sativus,100.0,100.0,100.0,50.0,87.5
OSD-880,Mus musculus,100.0,100.0,100.0,75.0,93.8
OSD-881,Mus musculus,100.0,100.0,100.0,75.0,93.8
OSD-883,Brassica oleracea,100.0,100.0,100.0,50.0,87.5
OSD-888,Mus musculus,100.0,100.0,100.0,75.0,93.8
OSD-890,Not Applicable,100.0,100.0,75.0,50.0,81.2
OSD-896,Rattus norvegicus,100.0,100.0,75.0,75.0,87.5
OSD-897,Rattus norvegicus,100.0,100.0,75.0,75.0,87.5
OSD-898,Mus musculus,100.0,100.0,100.0,75.0,93.8
OSD-899,Mus musculus,100.0,100.0,75.0,50.0,81.2
OSD-900,Mus musculus,100.0,100.0,100.0,50.0,87.5
OSD-901,Mus musculus,100.0,100.0,100.0,75.0,93.8
OSD-903,Homo sapiens,100.0,100.0,100.0,75.0,93.8
OSD-904,Mus musculus,100.0,100.0,75.0,75.0,87.5
OSD-905,Mus musculus,100.0,100.0,75.0,75.0,87.5
OSD-906,Mus musculus,100.0,100.0,75.0,75.0,87.5
OSD-907,Mus musculus,100.0,100.0,75.0,75.0,87.5
OSD-908,Mus musculus,100.0,100.0,75.0,75.0,87.5
OSD-909,Mus musculus,100.0,100.0,75.0,75.0,87.5
OSD-910,Mus musculus,100.0,100.0,75.0,75.0,87.5
OSD-911,Mus musculus,100.0,100.0,75.0,75.0,87.5
OSD-912,Mus musculus,100.0,100.0,75.0,75.0,87.5
OSD-913,Mus musculus,100.0,100.0,75.0,75.0,87.5
OSD-914,Mus musculus,100.0,100.0,75.0,75.0,87.5
OSD-915,Mus musculus,100.0,100.0,75.0,75.0,87.5
OSD-916,Mus musculus,100.0,100.0,75.0,75.0,87.5
OSD-918,Mus musculus,100.0,100.0,100.0,50.0,87.5
OSD-919,Mus musculus,100.0,100.0,100.0,50.0,87.5
OSD-920,Mus musculus,100.0,100.0,100.0,50.0,87.5
OSD-921,Mus musculus,100.0,100.0,100.0,50.0,87.5
OSD-922,Mus musculus,100.0,100.0,100.0,50.0,87.5
OSD-923,Mus musculus,100.0,100.0,100.0,50.0,87.5
OSD-924,Mus musculus,100.0,100.0,100.0,50.0,87.5
OSD-926,Mus musculus,100.0,100.0,100.0,50.0,87.5
OSD-927,Mus musculus,100.0,100.0,100.0,50.0,87.5
OSD-928,Mus musculus,100.0,100.0,100.0,50.0,87.5
OSD-929,Mus musculus,100.0,100.0,100.0,50.0,87.5
OSD-930,Mus musculus,100.0,100.0,100.0,50.0,87.5
OSD-931,Mus musculus,100.0,100.0,100.0,50.0,87.5
OSD-932,Mus musculus,100.0,100.0,100.0,50.0,87.5
OSD-933,Mus musculus,100.0,100.0,100.0,50.0,87.5
OSD-935,Mus musculus,100.0,100.0,100.0,75.0,93.8
OSD-936,Homo sapiens,100.0,100.0,75.0,75.0,87.5
OSD-937,Homo sapiens,100.0,100.0,100.0,75.0,93.8
OSD-939,Rattus norvegicus,100.0,100.0,75.0,75.0,87.5
OSD-940,Homo sapiens,100.0,100.0,100.0,75.0,93.8
OSD-942,Homo sapiens,100.0,100.0,100.0,75.0,93.8
OSD-943,Homo sapiens,100.0,100.0,100.0,75.0,93.8
OSD-944,Microbiota,100.0,100.0,75.0,50.0,81.2
OSD-946,Homo sapiens,100.0,100.0,100.0,75.0,93.8
OSD-949,Mus musculus,100.0,100.0,100.0,75.0,93.8
OSD-952,Mus musculus,100.0,100.0,75.0,50.0,81.2
OSD-955,Mus musculus,100.0,100.0,75.0,75.0,87.5
OSD-956,Caenorhabditis elegans,100.0,100.0,75.0,75.0,87.5
OSD-961,Euprymna scolopes,100.0,100.0,100.0,75.0,93.8
OSD-964,Saccharomyces cerevisiae,100.0,100.0,75.0,75.0,87.5
OSD-968,Rattus norvegicus,100.0,100.0,100.0,75.0,93.8
OSD-969,Mus musculus,100.0,100.0,100.0,75.0,93.8
OSD-970,Mus musculus,100.0,100.0,100.0,75.0,93.8
OSD-972,Mus musculus,100.0,100.0,100.0,75.0,93.8
OSD-973,Mus musculus,100.0,100.0,100.0,75.0,93.8
OSD-974,Mus musculus,100.0,100.0,100.0,75.0,93.8
OSD-977,Rattus norvegicus,100.0,100.0,75.0,75.0,87.5
OSD-979,Mus musculus,100.0,100.0,75.0,75.0,87.5
OSD-980,Mus musculus,100.0,100.0,75.0,75.0,87.5
OSD-981,Mus musculus,100.0,100.0,75.0,75.0,87.5
OSD-990,Homo sapiens,100.0,100.0,100.0,75.0,93.8
OSD-992,Homo sapiens,100.0,100.0,100.0,75.0,93.8
OSD-993,Homo sapiens,100.0,100.0,100.0,75.0,93.8
OSD-998,Homo sapiens,100.0,100.0,100.0,75.0,93.8
